alert_date,ticker,name,alert_tier,alert_score,phase,regime,optimizer_label,match_strength,cover_score,ignition_score,long_demand_score,short_pressure,confidence,vol_ratio,rs_watch,alert_price,alert_reason,promotion_reason,condition_text,tracking_mode,condition_version,entry_date,entry_price,ret_1d,ret_3d,ret_5d,ret_10d,mfe_10d,mae_10d,outcome_status,last_updated
2026-09-30 00:00:00,8338,筑波銀行,⚪ C 通常,57.1,🧱 SHORT BUILDUP,🟢 NEW MONEY,⭐ ROBUST MATCH,32.8,59.4,61.8,71.6,48.7,70,1.3867333891803713,83.0,824.0,⭐ ROBUST MATCH / ⚡ 今日昇格 / 信頼度高,5日高値を新規突破 / Cover +13 / Ignition +32,C50/I0/L70/P40/Q0,ACTIVE,v1.0,,,,,,,,,⏳ 翌営業日待ち,2026-09-30 12:28:01
2026-09-30 00:00:00,3374,内外テック,⚪ C 通常,44.3,🧱 SHORT BUILDUP,🟢 NEW MONEY,⭐ ROBUST MATCH,47.2,64.1,69.2,78.6,45.6,75,1.8095539386270167,86.0,4915.0,⭐ ROBUST MATCH / 出来高1.8x / 信頼度高,,C50/I0/L70/P40/Q0,ACTIVE,v1.0,,,,,,,,,⏳ 翌営業日待ち,2026-09-30 12:28:01
2026-09-28 00:00:00,7220,武蔵精密工業,🟡 B 監視,59.5,🧱 SHORT BUILDUP,🟢 NEW MONEY,⭐ ROBUST MATCH,26.8,58.7,92.9,73.2,44.2,70,2.595658484456992,17.0,3050.0,⭐ ROBUST MATCH / ⚡ 今日昇格 / 出来高2.6x / 信頼度高,Ignition 65突破 / 5日高値を新規突破 / Cover +13 / Ignition +30,C50/I0/L70/P40/Q0,ACTIVE,v1.0,2026-09-29 00:00:00,3005.0,-1.331114808652245,,,,2.1630615640598982,-5.823627287853572,🌱 1日経過,2026-09-30 12:28:01
2026-09-25 00:00:00,5541,大平洋金属,🚨 A+ 最優先確認,90.7,✅ COVER CONFIRMED,🔥 COVER + NEW MONEY,⭐ ROBUST MATCH,82.8,72.7,76.2,79.7,84.0,70,2.21243808475509,66.0,2713.0,⭐ ROBUST MATCH / ⚡ 今日昇格 / ✅ COVER CONFIRMED / 新規資金併走 / 出来高2.2x,👀 COVER WATCH → ✅ COVER CONFIRMED / Cover 65突破 / Ignition 65突破 / 5日高値を新規突破 / Cover +19 / Ignition +46,C50/I0/L70/P40/Q0,ACTIVE,v1.0,2026-09-28 00:00:00,2660.686868686869,-1.980198019801982,0.19969021442021173,,,0.38761161392213417,-3.784243455020353,📊 3日経過,2026-09-30 12:28:01
2026-09-25 00:00:00,8338,筑波銀行,🚨 A+ 最優先確認,86.8,✅ COVER CONFIRMED,🟢 NEW MONEY,⭐ ROBUST MATCH,52.3,63.3,83.1,78.0,50.1,100,2.035774263065844,70.0,788.0,⭐ ROBUST MATCH / ⚡ 今日昇格 / ✅ COVER CONFIRMED / 出来高2.0x / 信頼度高,🧱 SHORT BUILDUP → ✅ COVER CONFIRMED / Ignition 65突破 / 5日高値を新規突破 / AVWAPを新規回復 / Cover +38 / Ignition +83,C50/I0/L70/P40/Q0,ACTIVE,v1.0,2026-09-28 00:00:00,789.0,-0.12674271229404788,4.435994930291498,,,5.196451204055763,-3.168567807351075,📊 3日経過,2026-09-30 12:28:01
2026-09-25 00:00:00,6840,ＡＫＩＢＡホールディングス,🟡 B 監視,67.9,✅ COVER CONFIRMED,🔥 COVER + NEW MONEY,⭐ ROBUST MATCH,87.5,70.3,93.0,82.5,67.7,70,2.6023230479747608,54.0,905.0,⭐ ROBUST MATCH / ✅ COVER CONFIRMED / 新規資金併走 / 出来高2.6x / 信頼度高,,C50/I0/L70/P40/Q0,ACTIVE,v1.0,2026-09-28 00:00:00,905.0,-3.977900552486191,-4.3093922651933685,,,0.44198895027625085,-7.624309392265194,📊 3日経過,2026-09-30 12:28:01
2026-09-25 00:00:00,3374,内外テック,⚪ C 通常,44.9,🧱 SHORT BUILDUP,🟢 NEW MONEY,⭐ ROBUST MATCH,52.3,64.6,70.5,77.3,49.5,75,1.887764489420423,76.0,4600.0,⭐ ROBUST MATCH / 出来高1.9x / 信頼度高,,C50/I0/L70/P40/Q0,ACTIVE,v1.0,2026-09-28 00:00:00,4600.0,-2.717391304347827,6.847826086956532,,,6.956521739130439,-3.2608695652173947,📊 3日経過,2026-09-30 12:28:01
2026-09-24 00:00:00,6526,ソシオネクスト,🚨 A+ 最優先確認,93.8,✅ COVER CONFIRMED,🔥 COVER + NEW MONEY,⭐ ROBUST MATCH,95.0,75.3,100.0,87.0,78.1,70,3.2127054013125576,48.0,2300.0,⭐ ROBUST MATCH / ⚡ 今日昇格 / ✅ COVER CONFIRMED / 新規資金併走 / 出来高3.2x,👀 COVER WATCH → ✅ COVER CONFIRMED / Cover 65突破 / Ignition 65突破 / 5日高値を新規突破 / Cover +19 / Ignition +39,C50/I0/L70/P40/Q0,ACTIVE,v1.0,2026-09-25 00:00:00,2238.891030813071,-0.9490178768483903,-6.091901255396948,,,1.3021408077686925,-7.632842709232291,📊 3日経過,2026-09-30 12:28:01
2026-09-24 00:00:00,6227,ＡＩメカテック,🚨 A+ 最優先確認,86.7,✅ COVER CONFIRMED,🔥 COVER + NEW MONEY,⭐ ROBUST MATCH,64.2,65.6,86.2,72.9,66.5,70,2.2092267035542115,39.0,6610.0,⭐ ROBUST MATCH / ⚡ 今日昇格 / ✅ COVER CONFIRMED / 新規資金併走 / 出来高2.2x,👀 COVER WATCH → ✅ COVER CONFIRMED / Cover 65突破 / 5日高値を新規突破 / Ignition +21,C50/I0/L70/P40/Q0,ACTIVE,v1.0,2026-09-25 00:00:00,6610.0,0.1512859304084735,7.261724659606661,,,11.649016641452349,-1.6641452344931973,📊 3日経過,2026-09-30 12:28:01
2026-09-24 00:00:00,6840,ＡＫＩＢＡホールディングス,🔥 A 優先確認,78.3,✅ COVER CONFIRMED,🔥 COVER + NEW MONEY,⭐ ROBUST MATCH,82.2,69.3,88.9,80.0,69.3,70,2.363964710758482,58.0,889.0,⭐ ROBUST MATCH / ⚡ 今日昇格 / ✅ COVER CONFIRMED / 新規資金併走 / 出来高2.4x,Cover 65突破,C50/I0/L70/P40/Q0,ACTIVE,v1.0,2026-09-25 00:00:00,904.0,0.11061946902655162,-4.97787610619469,,,3.31858407079646,-7.52212389380531,📊 3日経過,2026-09-30 12:28:01
2026-09-24 00:00:00,3652,ディジタルメディアプロフェッショナル,🟡 B 監視,63.0,✅ COVER CONFIRMED,🔥 COVER + NEW MONEY,⭐ ROBUST MATCH,66.0,66.6,72.6,73.0,74.8,70,1.435104873048415,86.0,3175.0,⭐ ROBUST MATCH / ✅ COVER CONFIRMED / 新規資金併走 / 信頼度高,,C50/I0/L70/P40/Q0,ACTIVE,v1.0,2026-09-25 00:00:00,3115.0,-1.4446227929374,-3.6918138041733495,,,7.86516853932584,-6.8378812199036965,📊 3日経過,2026-09-30 12:28:01
2026-09-18 00:00:00,6862,ミナトホールディングス,🔥 A 優先確認,80.0,✅ COVER CONFIRMED,🟢 NEW MONEY,⭐ ROBUST MATCH,41.0,62.0,78.0,80.0,43.0,70,,,,,,,C50/I0/L70/P40/Q0,LEGACY,2026-09-24 00:00:00,5315.306455444991,4.681647940074907,-2.808990538862377,-2.545600269320003,,10.674157764230685,-6.778658172679652,📈 5日経過,2026-09-30 12:28:01
2026-09-18 00:00:00,4565,ネクセラファーマ,🔥 A 優先確認,76.0,🔥 COVER EARLY,🔥 COVER + NEW MONEY,⭐ ROBUST MATCH,65.0,67.0,73.0,72.0,80.0,70,,,,,,,C50/I0/L70/P40/Q0,LEGACY,2026-09-24 00:00:00,1298.0,-2.3882896764252703,-5.6240369799691825,-3.7750385208012327,,0.07704160246533309,-8.551617873651773,📈 5日経過,2026-09-30 12:28:01
