ticker,trade_date,close,avg_turnover20,trading_days,ret20,ret60,distance_120d_high,volume_ratio20,realized_vol20_pct,market_cap,per,pbr,coarse_multiple_source,coarse_mlp,coarse_velocity_pct,coarse_acceleration_pct,coarse_curvature_pct,company_name,company_name_en,market_name,market_code,sector33_name,sector17_name,liquidity_ok,history_ok,liquidity_score,coarse_shape_score,coarse_score,prefilter_state,eligible,prefilter_rank,pinned
4493,2026-10-09,3700.0,12212406380.0,75,1.077484559236384,0.9341348667015159,0.0,5.568552774755169,108.30473234712021,,,,PRICE ONLY,,,,,サイバーセキュリティクラウド,"Cyber Security Cloud,Inc.",グロース,,情報･通信業,情報通信・サービスその他,True,True,96.9971671388102,35.0,70.14943342776203,BASE,True,1,False
4417,2026-10-09,6650.0,1395389153.6401367,75,0.5644111173905653,0.67840096421296,0.0,2.644971862001468,80.98361158671864,,,,PRICE ONLY,,,,,グローバルセキュリティエキスパート,Global Security Experts Inc.,グロース,,情報･通信業,情報通信・サービスその他,True,True,85.26912181303116,35.0,67.80382436260624,BASE,True,2,False
4475,2026-10-09,1894.0,1532779525.2990723,75,0.19321620128435923,0.5640674862649562,0.0,2.0179304241351512,56.10698434341865,,,,PRICE ONLY,,,,,ＨＥＮＮＧＥ,HENNGE K.K.,グロース,,情報･通信業,情報通信・サービスその他,True,True,85.92067988668555,35.0,67.70154859280086,BASE,True,3,False
3692,2026-10-09,9360.0,5549785800.0,75,0.5704697986577181,0.752808988764045,-0.06024096385542166,2.874935754668494,102.25813915254065,,,,PRICE ONLY,,,,,ＦＦＲＩセキュリティ,"FFRI Security,Inc.",グロース,,情報･通信業,情報通信・サービスその他,True,True,94.10764872521247,35.0,67.6136984197413,BASE,True,4,False
4258,2026-10-09,6270.0,1049251950.0,75,0.3255813953488371,0.43150684931506844,0.0,3.5282018319138677,53.883168433478865,,,,PRICE ONLY,,,,,網屋,AMIYA Corporation,グロース,,情報･通信業,情報通信・サービスその他,True,True,82.77620396600567,35.0,67.30524079320114,BASE,True,5,False
5246,2026-10-09,1065.0,820332605.0,75,0.29719853836784416,0.5661764705882353,0.0,6.897539790915807,67.67204623637613,,,,PRICE ONLY,,,,,ＥＬＥＭＥＮＴＳ,"ELEMENTS,Inc.",グロース,,情報･通信業,情報通信・サービスその他,True,True,80.48158640226629,35.0,66.84631728045326,BASE,True,6,False
4704,2026-10-09,7587.0,10001961190.0,75,0.30855467402552605,0.20869842281344586,0.0,2.2119532621812428,32.36644640415835,,,,PRICE ONLY,,,,,トレンドマイクロ,Trend Micro Incorporated,プライム,,情報･通信業,情報通信・サービスその他,True,True,96.43059490084985,35.0,70.03611898016997,BASE,True,7,False
6323,2026-10-09,5134.0,8075219145.0,75,0.4046511627906977,0.10290010741138556,0.0,6.556631859737944,70.87194221471565,,,,PRICE ONLY,,,,,ローツェ,RORZE CORPORATION,プライム,,機械,機械,True,True,95.69405099150141,35.0,69.88881019830029,BASE,True,8,False
3132,2026-10-09,4634.0,4598861900.894775,75,0.3579976842113699,0.4368249340305579,0.0,1.8969020540623827,23.87690808139191,,,,PRICE ONLY,,,,,マクニカホールディングス,"MACNICA HOLDINGS,INC.",プライム,,卸売業,商社・卸売,True,True,93.0028328611898,35.0,68.66324693265385,BASE,True,9,False
6871,2026-10-09,17330.0,19103752850.0,75,0.4077985377741673,0.03772455089820359,-0.018130311614730887,1.7823208969405206,64.87496799815887,,,,PRICE ONLY,,,,,日本マイクロニクス,"MICRONICS JAPAN CO.,LTD.",プライム,,電気機器,電機・精密,True,True,98.21529745042493,35.0,68.35263034220971,BASE,True,10,False
4307,2026-10-09,5613.0,12190806219.916992,75,0.13915907891162838,0.136871174945411,0.0,2.216038633466779,36.671074196155196,,,,PRICE ONLY,,,,,野村総合研究所,"Nomura Research Institute,Ltd.",プライム,,情報･通信業,情報通信・サービスその他,True,True,96.94050991501416,35.0,68.05212754568723,BASE,True,11,False
6532,2026-10-09,8748.0,9175008960.0,75,0.19263803680981595,0.31799509184707975,0.0,1.6773960706471478,37.953127104857565,,,,PRICE ONLY,,,,,ベイカレント,"BayCurrent,Inc.",プライム,,サービス業,情報通信・サービスその他,True,True,96.11898016997166,35.0,67.57069300512138,BASE,True,12,False
3042,2026-10-09,581.0,1143849570.0,75,0.9694915254237289,0.9431438127090301,0.0,5.377960736467435,108.28204584285086,,,,PRICE ONLY,,,,,セキュアヴェイル,SecuAvail Inc.,スタンダード,,情報･通信業,情報通信・サービスその他,True,True,83.56940509915015,35.0,67.46388101983003,BASE,True,13,False
6258,2026-10-09,4370.0,1142950100.0,75,0.21896792189679215,0.4211382113821138,0.0,3.436695855008608,52.65695467471111,,,,PRICE ONLY,,,,,平田機工,HIRATA Corporation,プライム,,機械,機械,True,True,83.51274787535411,35.0,67.45254957507082,BASE,True,14,False
4768,2026-10-09,4006.0,4894470980.0,75,0.1406605922551254,0.3844824606877484,0.0,2.4385969916906762,20.454743809404285,,,,PRICE ONLY,,,,,大塚商会,OTSUKA CORPORATION,プライム,,情報･通信業,情報通信・サービスその他,True,True,93.31444759206798,35.0,67.37839553858933,BASE,True,15,False
3762,2026-10-09,3085.0,1051265297.0422363,75,0.33407165951831086,0.6634896295188526,0.0,2.6991181858199735,40.06113419598695,,,,PRICE ONLY,,,,,テクマトリックス,TECHMATRIX CORPORATION,プライム,,情報･通信業,情報通信・サービスその他,True,True,82.86118980169972,35.0,67.32223796033995,BASE,True,16,False
2326,2026-10-09,5830.0,931088788.5961914,75,0.323646564337291,0.48555545463707284,0.0,2.1032561742187266,33.29119998018889,,,,PRICE ONLY,,,,,デジタルアーツ,Digital Arts Inc.,プライム,,情報･通信業,情報通信・サービスその他,True,True,81.75637393767705,35.0,67.10127478753542,BASE,True,17,False
4498,2026-10-09,1572.0,711553035.0,75,0.2417061611374407,0.29276315789473695,0.0,39.521571718764214,110.20910316278896,,,,PRICE ONLY,,,,,サイバートラスト,"Cybertrust Japan Co.,Ltd.",グロース,,情報･通信業,情報通信・サービスその他,True,True,79.60339943342775,35.0,66.67067988668555,BASE,True,18,False
2914,2026-10-09,7230.0,27804083505.0,75,0.0855855855855856,0.1819519372241294,0.0,2.1931481906026757,19.82938749799107,,,,PRICE ONLY,,,,,日本たばこ産業,JAPAN TOBACCO INC.,プライム,,食料品,食品,True,True,98.81019830028328,35.0,66.58925973727673,BASE,True,19,False
3994,2026-10-09,6827.0,3310344345.0,75,0.12936311000827128,0.38338399189463024,0.0,2.259174425637822,54.61938689468947,,,,PRICE ONLY,,,,,マネーフォワード,"Money Forward,Inc.",プライム,,情報･通信業,情報通信・サービスその他,True,True,91.24645892351275,35.0,66.5774555564147,BASE,True,20,False
4398,2026-10-09,2822.0,674724050.0,75,1.1944012441679628,1.2758064516129033,0.0,35.33193795953416,129.7875526140204,,,,PRICE ONLY,,,,,ブロードバンドセキュリティ,"BroadBand Security,Inc.",スタンダード,,情報･通信業,情報通信・サービスその他,True,True,78.98016997167139,35.0,66.54603399433428,BASE,True,21,False
3040,2026-10-09,3085.0,661573700.0,75,0.3465735486687036,0.5518108651911469,0.0,3.2417621691167713,45.356233564063814,,,,PRICE ONLY,,,,,ソリトンシステムズ,SOLITON SYSTEMS K.K.,プライム,,情報･通信業,情報通信・サービスその他,True,True,78.64022662889518,35.0,66.47804532577904,BASE,True,22,False
3064,2026-10-09,2250.0,4181108230.0,75,0.14620478858889463,0.14097363083164294,0.0,1.852360842219302,36.81227604062868,,,,PRICE ONLY,,,,,ＭｏｎｏｔａＲＯ,"MonotaRO Co.,Ltd.",プライム,,小売業,小売,True,True,92.52124645892351,35.0,66.42558099153263,BASE,True,23,False
6941,2026-10-09,10330.0,2787223203.5302734,75,0.44379913405519744,0.12782148086490008,-0.07386195045377864,2.0095273488969223,48.87449436847328,,,,PRICE ONLY,,,,,山一電機,"YAMAICHI ELECTRONICS CO.,LTD.",プライム,,電気機器,電機・精密,True,True,90.16997167138811,35.0,66.38348094452982,BASE,True,24,False
2760,2026-10-09,5030.0,629827929.7009277,75,0.28911139706751876,0.30394772584065666,0.0,2.3699020892760774,34.478032167336046,,,,PRICE ONLY,,,,,東京エレクトロン　デバイス,TOKYO ELECTRON DEVICE LIMITED,プライム,,卸売業,商社・卸売,True,True,78.10198300283287,35.0,66.37039660056658,BASE,True,25,False
4382,2026-10-09,1100.0,573673735.0,75,0.4397905759162304,0.5895953757225434,0.0,2.34466124610181,66.26329343941309,,,,PRICE ONLY,,,,,ＨＥＲＯＺ,"HEROZ,Inc.",スタンダード,,情報･通信業,情報通信・サービスその他,True,True,77.39376770538243,35.0,66.22875354107649,BASE,True,26,False
6988,2026-10-09,3615.0,11507352900.067139,75,0.1477128045399294,0.14268057460618255,0.0,1.6429717796122096,24.13020918044473,,,,PRICE ONLY,,,,,日東電工,NITTO DENKO CORPORATION,プライム,,化学,素材・化学,True,True,96.79886685552408,35.0,65.93688139084094,BASE,True,27,False
6857,2026-10-09,41610.0,428723605900.0,75,0.2310650887573964,0.394904458598726,-0.005734767025089571,1.2716275809576232,56.38319479824867,,,,PRICE ONLY,,,,,アドバンテスト,ADVANTEST CORPORATION,プライム,,電気機器,電機・精密,True,True,100.0,35.0,65.70780394473542,BASE,True,28,False
3968,2026-10-09,826.0,457955620.0,75,0.3216000000000001,0.3789649415692822,0.0,4.201127910463643,43.895056868692286,,,,PRICE ONLY,,,,,セグエグループ,"Segue Group Co.,Ltd.",プライム,,情報･通信業,情報通信・サービスその他,True,True,74.56090651558074,35.0,65.66218130311614,BASE,True,29,False
4477,2026-10-09,399.0,798823565.0,75,0.17699115044247793,0.3617747440273038,-0.012376237623762387,3.1479370807630813,58.39955255866148,,,,PRICE ONLY,,,,,ＢＡＳＥ,"BASE,Inc.",グロース,,情報･通信業,情報通信・サービスその他,True,True,80.36827195467421,35.0,65.63255182619038,BASE,True,30,False
