code,details_available,details_error,summary_rows,detail_rows,financial_event_rows,market_rows,fcf_proxy_events,fcf_ttm_complete_events,status
2326,False,,9,0,9,0,6,6,OK
2760,False,,8,0,8,0,4,4,OK
2914,False,,9,0,9,0,7,7,OK
3040,False,,10,0,10,0,7,7,OK
3042,False,,9,0,9,0,6,6,OK
3064,False,,8,0,8,0,6,6,OK
3132,False,,8,0,8,0,5,5,OK
3692,False,,9,0,9,0,6,6,OK
3762,False,,9,0,9,0,5,5,OK
3968,False,,14,0,14,0,5,5,OK
3994,False,,11,0,11,0,7,7,OK
4258,False,,12,0,12,0,9,9,OK
4307,False,,9,0,9,0,6,6,OK
4382,False,,11,0,11,0,6,6,OK
4398,False,,10,0,10,0,6,6,OK
4417,False,,10,0,10,0,6,6,OK
4475,False,,8,0,8,0,5,5,OK
4477,False,,9,0,9,0,7,7,OK
4493,False,,8,0,8,0,6,6,OK
4498,False,,11,0,11,0,8,8,OK
4704,False,,8,0,8,0,2,2,OK
4768,False,,8,0,8,0,6,6,OK
5246,False,,9,0,9,0,6,6,OK
6258,False,,9,0,9,0,5,5,OK
6323,False,,9,0,9,0,7,7,OK
6532,False,,8,0,8,0,6,6,OK
6857,False,,8,0,8,0,5,5,OK
6871,False,,8,0,8,0,6,6,OK
6941,False,,8,0,8,0,5,5,OK
6988,False,,8,0,8,0,5,5,OK
