trade_date,ticker,adj_close,volume,ema20,sma50,sma200,volume_ma20,high_52w,low_52w,rs_rating,rs_rating_20d_ago,available_date,pit_available_date,available_datetime,disclosure_number,document_type,capex_parse_status,fiscal_period_end,fiscal_year_end,revenue_ttm,operating_income_ttm,net_income_ttm,cfo_ttm,cfi_ttm,capex_ttm,fcf_ttm,fcf_basis,fcf_exact,depreciation_ttm,ebitda_ttm,fcf_per_share_ttm,cash_and_equivalents,total_assets,equity,roe,shares_outstanding_pti,diluted_shares_ttm,ttm_quarter_count,fcf_ttm_complete,fcf_margin,operating_margin,cash_conversion,fcf_per_share_yoy,cfo_yoy,share_count_1y_change,revenue_yoy,operating_income_yoy,fcf_per_share_3y_cagr,_pit_effective_date,p_fcf,ev_ebitda,per,valid_multiple_count,mlp_c_raw,mlp_z,mlp_c_core,mlp_velocity_20,mlp_velocity_pct_20,mlp_acceleration,normalization_gap,net_cash_ratio,fcf_per_share_3y_cagr_score,fcf_per_share_yoy_score,cfo_yoy_score,roic_score,fcf_margin_score,operating_margin_score,cash_conversion_score,net_cash_ratio_score,dilution_score,fcf_engine_score,fcf_engine_coverage,fcf_engine_status,fcf_quality_grade,fcf_quality_score,ema20_5d_ago,confirm_rs,volume_ratio,confirm_volume,confirm_ema20,confirm_52w,market_confirm_count,historical_discount_score,velocity_score,acceleration_score,normalization_gap_score,rs_score,volume_score,mex_score,mex_coverage,state_raw,state_confirmed,state_changed,ignition_event,exhaustion_event,spring_to_prep_event,price_return_pct,fcf_driver_pct,multiple_driver_pct,price_driver_label,data_quality,data_asof
2026-10-09,2326,5830.0,353000,5057.72418280381,4628.755034179688,4824.062805175781,167835.0,7832.69775390625,3488.95703125,,,2026-05-07,2026-05-08,2026-05-07 16:00:00,20260506517341,FYFinancialStatements_Consolidated_JP,DETAILS_UNAVAILABLE,2026-03-31,2026-03-31,10835000000.0,4791000000.0,3427000000.0,8381000000.0,-1161000000.0,,7220000000.0,CFO_PLUS_CFI_PROXY,False,,,534.1058782790458,23083000000.0,27865000000.0,18454000000.0,0.192,13443785.0,13517919.0,4.0,True,0.6663590216889709,0.4421781264420858,1.506992277186391,,,-0.014501153969870395,,,,2026-05-08,10.915438749307478,,22.996634890574846,2,0.30893299995279067,-4.684603517461883,0.24141323865574651,0.1371193837972423,0.14696506939245713,0.0587128123644924,3.142274904095018,,,,,,100.0,100.0,100.0,,85.0,,0.3,INSUFFICIENT,,,4766.023358804808,False,2.1032561742187266,True,True,False,2,100.0,100.0,100.0,100.0,,100.0,100.0,0.6,UNAVAILABLE,UNAVAILABLE,False,False,False,False,-0.22000009276505117,3.2397168446481217,-0.816025471554885,FUNDAMENTAL_DRIVEN,PARTIAL,2026-10-09
2026-10-09,3762,3085.0,950400,2589.811816497912,2395.5938940429687,2016.6517321777344,352115.0,3085.0,1596.573486328125,,,2026-05-08,2026-05-09,2026-05-08 15:30:00,20260508520208,FYFinancialStatements_Consolidated_IFRS,DETAILS_UNAVAILABLE,2026-03-31,2026-03-31,71733000000.0,7760000000.0,5178000000.0,13144000000.0,-1129000000.0,,12015000000.0,CFO_PLUS_CFI_PROXY,False,,,299.0431217443749,35801000000.0,121531000000.0,32680000000.0,0.205,40185148.0,40178152.0,4.0,True,0.16749613148759984,0.10817894135195795,1.5483247422680413,,,0.0004100956777888243,,,,2026-05-09,10.316237945900957,,23.93773636925454,2,0.22848818846898578,-9.902224523216665,0.18427158297722662,0.06708834564966137,0.0693899499513233,0.0579095624153009,4.426772722322497,,,,,,81.87403287189996,62.45368240558739,100.0,,70.0,,0.3,INSUFFICIENT,,,2444.880685130497,False,2.6991181858199735,True,True,True,3,100.0,84.69497497566165,100.0,100.0,,100.0,96.17374374391541,0.6,UNAVAILABLE,UNAVAILABLE,False,False,False,False,0.4806336600622523,12.634694629211381,-0.8914069071345317,FUNDAMENTAL_DRIVEN,PARTIAL,2026-10-09
2026-10-09,3692,9360.0,1678100,7724.186614464295,6203.5,6631.413854980468,583700.0,13033.638671875,4440.0,,,2026-05-15,2026-05-16,2026-05-15 15:30:00,20260515536549,EarnForecastRevision,DETAILS_UNAVAILABLE,2026-03-31,2026-03-31,,,,1963442000.0,-84923000.0,,1878519000.0,CFO_PLUS_CFI_PROXY,False,,,,,,,,,,4.0,True,,,,,2.0630920436817473,,,,,2026-05-16,,,,0,,,0.19558247243785407,0.0,0.0,0.0,4.112932603496707,,,,100.0,,,,,,,,0.1,INSUFFICIENT,,,6899.974999513447,False,2.874935754668494,True,True,False,2,100.0,45.0,50.0,100.0,,100.0,73.75,0.6,UNAVAILABLE,UNAVAILABLE,False,False,False,False,0.2189756811258594,,,,PARTIAL,2026-10-09
2026-10-09,4768,4006.0,2992000,3683.335074063966,3547.62,3112.4108239746092,1226935.0,4006.0,2645.773681640625,,,2026-04-30,2026-05-01,2026-04-30 15:30:00,20260428513694,1QFinancialStatements_Consolidated_JP,DETAILS_UNAVAILABLE,2026-03-31,2026-12-31,1352003000000.0,92273000000.0,66500000000.0,92218000000.0,-20475000000.0,,71743000000.0,CFO_PLUS_CFI_PROXY,False,,,189.19507888154203,261406000000.0,749489000000.0,397614000000.0,,379201179.0,379201195.0,4.0,True,0.053064231366350516,0.06824910891469915,0.777508046774246,1.78483816306111,1.4453872875288378,-5.2742449296871996e-08,,,,2026-05-01,21.173912258617566,,22.843308077744364,2,0.6631659565994191,0.5088758060944549,0.5889762362019214,0.059961738200572795,0.06179591954562724,-0.03848106751026341,0.6978613711965884,,,100.0,100.0,,41.532115683175256,44.124554457349575,67.7508046774246,,85.0,,0.5,INSUFFICIENT,B,75.0,3606.3783739340465,False,2.4385969916906762,True,True,True,3,68.59467339334704,80.89795977281362,11.518932489736594,100.0,,100.0,66.00266899751475,0.65,UNAVAILABLE,UNAVAILABLE,False,False,False,False,0.3147855295335591,4.206313552741678,-0.7474632451130061,FUNDAMENTAL_DRIVEN,PARTIAL,2026-10-09
2026-10-09,4493,3700.0,18013600,2347.8225185758483,1986.62,1798.9352600097657,3234880.0,3700.0,1471.0,,,2026-05-15,2026-05-16,2026-05-15 16:00:00,20260515537440,1QFinancialStatements_Consolidated_JP,DETAILS_UNAVAILABLE,2026-03-31,2026-12-31,5291000000.0,1224000000.0,920000000.0,1004000000.0,-426000000.0,,578000000.0,CFO_PLUS_CFI_PROXY,False,,,56.3960595741434,,5710000000.0,4641000000.0,,10249587.0,10248943.0,4.0,True,0.10924210924210924,0.23133623133623132,0.4722222222222222,0.16426377272935588,0.5860979462875198,0.005769917475460851,,,,2026-05-16,65.6074205882353,,41.21857510869565,2,1.8795377626647187,2.989986696145674,1.0702694374866797,0.1651027029801766,0.17951425211975658,0.10322506017080699,-0.06565583863787972,,,74.63956590940339,100.0,,67.3105273105273,96.26724626724626,36.29629629629629,,70.0,,0.5,INSUFFICIENT,B,75.0,1918.711465065872,False,5.568552774755169,True,True,True,3,15.202848439831067,100.0,100.0,0.0,,100.0,63.12373425534563,0.65,UNAVAILABLE,UNAVAILABLE,False,False,False,False,1.1310925962629805,1.6035587463342953,-0.1814693640911802,FUNDAMENTAL_DRIVEN,PARTIAL,2026-10-09
2026-10-09,4704,7587.0,3061100,6651.6040247016335,6273.4,5999.121364746094,1383890.0,7960.22802734375,4906.0,,,2026-05-14,2026-05-15,2026-05-14 15:30:00,20260514531675,1QFinancialStatements_Consolidated_JP,DETAILS_UNAVAILABLE,2026-03-31,2026-12-31,282339000000.0,58329000000.0,37440000000.0,64637000000.0,759000000.0,,,UNAVAILABLE,False,,,,215133000000.0,399240000000.0,114532000000.0,,129767336.0,130624303.0,4.0,False,,0.20659207548372702,,,0.38169342254334016,-0.012241499694349511,,,,2026-05-15,,,26.470261401201924,1,,1.0313286196141846,0.7305961766036931,0.0,0.0,0.0,0.36874518649779775,,,,98.16934225433401,,,91.3184150967454,,,85.0,,0.25,INSUFFICIENT,C,40.0,6340.7189732268225,False,2.2119532621812428,True,True,True,3,59.686713803858154,45.0,50.0,100.0,,100.0,61.850780108582654,0.65,UNAVAILABLE,UNAVAILABLE,False,False,False,False,-0.06111215679213122,,,,UNAVAILABLE,2026-10-09
2026-10-09,6941,10330.0,594800,9009.20470384849,8312.378876953126,8322.330537109376,295990.0,11153.8447265625,3342.1240234375,,,2026-05-13,2026-05-14,2026-05-13 15:30:00,20260506517370,FYFinancialStatements_Consolidated_JP,DETAILS_UNAVAILABLE,2026-03-31,2026-03-31,52698000000.0,11556000000.0,9073000000.0,10053000000.0,-3469000000.0,,6584000000.0,CFO_PLUS_CFI_PROXY,False,,,357.1871877867154,17237000000.0,63253000000.0,46706000000.0,0.211,18456920.0,18432912.0,4.0,True,0.1249383278302782,0.21928725947853808,0.5697473174108688,0.3490298204426201,0.11637978900610779,-0.04870279340458572,0.16336262086626352,0.40498480243161095,,2026-05-14,28.920410230862696,,20.98666162900915,2,1.2748320824330759,0.6248915541767284,1.077370424638613,0.04192206614034329,0.0428132051258443,0.15260675337631935,-0.07181413455317909,,,94.902982044262,67.45696835091617,,71.23458195756955,93.85745189570761,46.974731741086885,,100.0,,0.5,INSUFFICIENT,B,75.0,8317.856798210541,False,2.0095273488969223,True,True,True,3,30.524573490149976,70.68792307550657,100.0,0.0,,100.0,59.89519151515151,0.65,UNAVAILABLE,UNAVAILABLE,False,False,False,False,1.8805822425657581,0.23495473188304938,1.332540754893476,MULTIPLE_DRIVEN,PARTIAL,2026-10-09
2026-10-09,3132,4634.0,1969800,4147.816505504679,3720.8436328125,2973.126046142578,1038430.0,4634.0,1944.87939453125,,,2026-05-11,2026-05-12,2026-05-11 15:00:00,20260508519332,FYFinancialStatements_Consolidated_JP,DETAILS_UNAVAILABLE,2026-03-31,2026-03-31,1214196000000.0,41950000000.0,27765000000.0,18774000000.0,-1306000000.0,,17468000000.0,CFO_PLUS_CFI_PROXY,False,,,97.850405618724,54370000000.0,700887000000.0,289115000000.0,0.105,178563057.0,178517400.0,4.0,True,0.014386474671305128,0.03454961143011507,0.4164004767580453,0.19736790543697524,-0.22523935292175634,0.000831747790054127,0.17406641010269008,0.05803425054856359,,2026-05-12,47.35800501488436,,29.794692296056187,2,1.8930899067090388,1.801368114114646,1.6107288256304428,0.11565123759941308,0.12260428168702164,0.08518597832563526,-0.37916303223256853,,,79.60518581554629,0.0,,11.509179737044102,24.184728001080547,28.85339690107271,,70.0,,0.5,INSUFFICIENT,B,75.0,3942.6089950152095,False,1.8969020540623827,True,True,True,3,1.98631885885354,100.0,100.0,0.0,,95.87608216249531,59.756541441465835,0.65,UNAVAILABLE,UNAVAILABLE,False,False,False,False,1.2966879649167238,0.19093709988247065,0.9284712560750485,MULTIPLE_DRIVEN,PARTIAL,2026-10-09
2026-10-09,3042,581.0,11196000,372.0730679446285,315.48,310.8163819885254,2081830.0,581.0,270.2586364746094,,,2026-05-14,2026-05-15,2026-05-14 15:30:00,20260514532675,FYFinancialStatements_Consolidated_JP,DETAILS_UNAVAILABLE,2026-03-31,2026-03-31,1279000000.0,112000000.0,105000000.0,38000000.0,-2000000.0,,36000000.0,CFO_PLUS_CFI_PROXY,False,,,4.681677164027241,1130000000.0,1579000000.0,1281000000.0,0.086,7689552.0,7689552.0,4.0,True,0.028146989835809225,0.0875684128225176,0.32142857142857145,,,0.0,,,,2026-05-15,124.10082533333333,,42.548854399999996,2,4.206858488159368,3.9840754795201203,2.4891658139779334,0.11736047501081696,0.12452471969818535,0.1092404877073159,-0.5982589852453819,,,,,,22.51759186864738,53.78420641125879,16.190476190476193,,85.0,,0.3,INSUFFICIENT,,,305.1049036673111,False,5.377960736467435,True,True,True,3,0.0,100.0,100.0,0.0,,100.0,58.333333333333336,0.6,UNAVAILABLE,UNAVAILABLE,False,False,False,False,0.759502856688681,,,,PARTIAL,2026-10-09
2026-10-09,3064,2250.0,3693200,2028.0284550749848,1943.14,1962.918772583008,1993780.0,2492.466796875,1687.76806640625,,,2026-05-07,2026-05-08,2026-05-07 15:30:00,20260507517501,1QFinancialStatements_Consolidated_JP,DETAILS_UNAVAILABLE,2026-03-31,2026-12-31,350356000000.0,48622000000.0,33809000000.0,33726000000.0,-17093000000.0,,16633000000.0,CFO_PLUS_CFI_PROXY,False,,,33.575733455064295,,183805000000.0,115378000000.0,,493826340.0,495387540.0,4.0,True,0.0474745687243832,0.13877884209204353,0.3420879437291761,-0.33476952876684607,0.17667992463889481,-0.00619748119113217,,,,2026-05-08,67.01268352071183,,32.968202697506584,2,1.147920866534099,1.325411263146409,1.0024932740380281,0.05345620712908031,0.05491079318381664,0.05770733771587406,-0.00248707308327889,,,0.0,76.50198869583423,,37.979654979506556,71.63365262761306,18.945059163890146,,85.0,,0.5,INSUFFICIENT,D,10.0,1945.3818079972568,False,1.852360842219302,True,True,True,3,33.809564411880984,77.45539659190833,100.0,0.0,,94.09443368877209,56.76071666924154,0.65,UNAVAILABLE,UNAVAILABLE,False,False,False,False,0.030287270832070945,0.010293091788803554,0.019790473879085946,MULTIPLE_DRIVEN,PARTIAL,2026-10-09
2026-10-09,4398,2822.0,3291700,1745.1644895570282,1398.14,1327.668389892578,93165.0,2822.0,1216.0,,,2026-05-13,2026-05-14,2026-05-13 15:30:00,20260513528050,3QFinancialStatements_NonConsolidated_JP,DETAILS_UNAVAILABLE,2026-03-31,2026-06-30,6502000000.0,391000000.0,262000000.0,402153000.0,-122578000.0,,279575000.0,CFO_PLUS_CFI_PROXY,False,,,63.74373820230688,,4084000000.0,2367000000.0,,4419654.0,4385921.0,4.0,True,0.042998308212857585,0.06013534297139342,0.7150255754475703,,,-0.00013573880596007282,,,,2026-05-14,44.27101515514621,,47.240721610687025,2,2.060037441927578,5.257137937192207,1.187370478418343,0.07684905444856632,0.07987906114933008,0.3020109153039813,-0.15780287772349955,,,,,,34.39864657028607,40.06767148569671,61.502557544757025,,85.0,,0.3,INSUFFICIENT,,,1351.7037052897915,False,35.33193795953416,True,True,True,3,1.2629521581656995,89.93953057466504,100.0,0.0,,100.0,56.13395401654102,0.6,UNAVAILABLE,UNAVAILABLE,False,False,False,False,1.2293994038302603,,,,PARTIAL,2026-10-09
2026-10-09,6258,4370.0,928200,3855.8000531710004,3534.74,2965.6129296875,270085.0,4370.0,1833.71484375,,,2026-05-14,2026-05-15,2026-05-14 15:30:00,20260514533902,FYFinancialStatements_Consolidated_JP,DETAILS_UNAVAILABLE,2026-03-31,2026-03-31,94906000000.0,8315000000.0,6077000000.0,16546000000.0,-3761000000.0,,12785000000.0,CFO_PLUS_CFI_PROXY,False,,,417.66160073798534,13003000000.0,131276000000.0,76905000000.0,0.084,30625673.0,30610906.0,4.0,True,0.13471224158641182,0.08761300655385329,1.5375826819001803,0.7464900604146403,0.7551713164315266,0.0011533687163396422,0.07259021506956143,0.20542186140910412,,2026-05-15,10.463015973406335,,22.012450093796282,2,1.44625029057255,3.24675551490988,1.2268729171508332,0.08255421038956699,0.08605754744598992,-0.011142888672293308,-0.18491965547474976,,,100.0,100.0,,73.67806039660296,53.80650327692664,100.0,,70.0,,0.5,INSUFFICIENT,B,75.0,3671.619318515025,False,3.436695855008608,True,True,True,3,0.0,93.02877372299496,38.8571113277067,0.0,,100.0,43.896742704008076,0.65,UNAVAILABLE,UNAVAILABLE,False,False,False,False,1.2563267238625113,0.7256114931989266,0.30755197954769553,FUNDAMENTAL_DRIVEN,PARTIAL,2026-10-09
2026-10-09,2760,5030.0,307400,4504.2922753117,4200.035478515625,3699.725642089844,129710.0,5030.0,2673.93359375,,,2026-04-27,2026-04-28,2026-04-27 15:30:00,20260427511634,FYFinancialStatements_Consolidated_JP,DETAILS_UNAVAILABLE,2026-03-31,2026-03-31,203748000000.0,10253000000.0,7842000000.0,15684000000.0,1200000000.0,,,UNAVAILABLE,False,,,,7622000000.0,162211000000.0,53756000000.0,0.156,29449481.0,29494284.0,4.0,False,,0.05032196635058994,,,,-0.0232013503077948,,,,2026-04-28,,,18.91816482019893,1,,1.947725276018736,0.9948735876003683,0.0,0.0,0.0,0.00515282792057703,,,,,,,35.160983175294966,,,85.0,,0.15,INSUFFICIENT,,,4289.893290168442,False,2.3699020892760774,True,True,True,3,28.791709099757398,45.0,50.0,2.061131168230812,,100.0,39.62478246964449,0.6,UNAVAILABLE,UNAVAILABLE,False,False,False,False,0.7189622590347624,,,,UNAVAILABLE,2026-10-09
2026-10-09,4475,1894.0,1664500,1734.4468329505428,1597.4089477539062,1223.2092306518555,824855.0,1894.0,889.4906616210938,,,2026-05-07,2026-05-08,2026-05-07 15:30:00,20260430515666,2QFinancialStatements_Consolidated_JP,DETAILS_UNAVAILABLE,2026-03-31,2026-09-30,11848000000.0,1942000000.0,1450000000.0,2340105000.0,-489392000.0,,1850713000.0,CFO_PLUS_CFI_PROXY,False,,,58.90666346592507,6087911000.0,9834000000.0,3727000000.0,,31172568.0,31417719.0,4.0,True,0.15620467589466577,0.16390952059419311,0.9529933058702369,,,-0.030405375982609617,,,,2026-05-08,32.15255946546007,,41.03804123172414,2,1.3867300463717278,1.5498533183444108,1.2189731578554204,0.10731743121171365,0.11328759062527616,-0.03180437605838206,-0.17963739106500676,,,,,,79.05116897366645,79.17285617825793,81.47449794026777,,100.0,,0.3,INSUFFICIENT,,,1706.7973731664788,False,2.0179304241351512,True,True,True,3,4.501466816555892,100.0,18.195623941617946,0.0,,100.0,39.00760602287679,0.6,UNAVAILABLE,UNAVAILABLE,False,False,False,False,0.11630217307580093,,,,PARTIAL,2026-10-09
2026-10-09,2914,7230.0,8322800,6919.997726949078,6907.34,6100.702641601562,3794910.0,7230.0,4545.47705078125,,,2026-05-08,2026-05-09,2026-05-08 15:30:00,20260508519418,1QFinancialStatements_Consolidated_IFRS,DETAILS_UNAVAILABLE,2026-03-31,2026-12-31,3564657000000.0,922834000000.0,549736000000.0,514056000000.0,-264986000000.0,,249070000000.0,CFO_PLUS_CFI_PROXY,False,,,140.29234335590726,694622000000.0,8351210000000.0,4114889000000.0,,1775241665.0,1775364172.0,4.0,True,0.06987208025905438,0.2588843751306227,0.26989686119063666,0.30936211765226074,-0.18405234194323594,-0.00012539142627521205,,,,2026-05-09,51.53524295804392,,23.349176629436673,2,1.191829375675666,1.5861548958669769,1.105110218102154,0.0586192124612966,0.06037138764311334,-0.04381587503725001,-0.09511288229934522,,,90.93621176522608,3.9869145141910174,,49.936040129527186,100.0,9.319581492084888,,85.0,,0.5,INSUFFICIENT,B,75.0,6853.698922632116,False,2.1931481906026757,True,True,True,3,13.627429231114847,80.18569382155667,6.18412496274999,0.0,,100.0,36.53782646509727,0.65,UNAVAILABLE,UNAVAILABLE,False,False,False,False,0.5675258058280424,,,,PARTIAL,2026-10-09
2026-10-09,6988,3615.0,5348900,3470.681354415753,3413.6093603515624,3314.8402465820313,3255625.0,3992.1259765625,2891.144775390625,,,2026-04-27,2026-04-28,2026-04-27 16:00:00,20260424510818,FYFinancialStatements_Consolidated_IFRS,DETAILS_UNAVAILABLE,2026-03-31,2026-03-31,1028171000000.0,183615000000.0,133498000000.0,192183000000.0,-107436000000.0,,84747000000.0,CFO_PLUS_CFI_PROXY,False,,,125.18406734558056,359805000000.0,1441757000000.0,1149103000000.0,0.122,673659750.0,676979122.0,4.0,True,0.08242500517909959,0.17858410711836845,0.46154725921084877,-0.14623501645332904,-0.11805440828239444,-0.030614315273075343,0.014097356881202616,-0.011052044789865767,,2026-04-28,28.87747679599278,,18.33195647897347,2,1.1243396894002347,0.7854330071169134,1.0691056459017878,0.011426615249917421,0.011492148387406864,-0.006644874660233932,-0.06463874376371603,,,13.441245886667744,20.48639792940139,,56.21250258954979,83.57523213551053,34.87296789477983,,100.0,,0.5,INSUFFICIENT,D,10.0,3405.1106479388473,False,1.6429717796122096,True,True,True,3,29.16143434264116,51.89528903244412,43.35512533976607,0.0,,85.71887118448839,36.07341671761865,0.65,UNAVAILABLE,UNAVAILABLE,False,False,False,False,0.07536340169199152,-0.16547531065758359,0.28859387316551377,MULTIPLE_DRIVEN,PARTIAL,2026-10-09
2026-10-09,4477,399.0,5896700,357.032195786212,328.3,304.6352270507812,1873195.0,404.0,256.0,,,2026-05-12,2026-05-13,2026-05-12 15:30:00,20260511523827,1QFinancialStatements_Consolidated_JP,DETAILS_UNAVAILABLE,2026-03-31,2026-12-31,22401000000.0,1961000000.0,2021000000.0,3283000000.0,-3074000000.0,,209000000.0,CFO_PLUS_CFI_PROXY,False,,,1.8151649808227819,,53080000000.0,15167000000.0,,115157371.0,115141049.0,4.0,True,0.009329940627650551,0.08754073478862551,0.10657827638959715,-0.9400510827365679,-0.10226961990702765,0.010751788468519319,,,,2026-05-13,219.81472990909091,,22.7319537610094,2,1.3936488200390038,0.9454504315047986,1.4668876768518821,-0.2287033519292447,-0.20443549882187806,0.2841052844833738,-0.3182845450402033,,,0.0,24.43259502324309,,7.463952502120441,53.77036739431275,0.0,,70.0,,0.5,INSUFFICIENT,D,10.0,338.00249256700334,False,3.1479370807630813,True,True,True,3,10.954617448666024,0.0,100.0,0.0,,100.0,34.06645018046139,0.65,UNAVAILABLE,UNAVAILABLE,False,False,False,False,0.2239832119313918,,,,PARTIAL,2026-10-09
2026-10-09,6857,41610.0,14785500,36809.048515261085,34112.7,27906.875244140625,11627225.0,41850.0,14421.3701171875,,,2026-04-27,2026-04-28,2026-04-27 15:30:00,20260427511547,FYFinancialStatements_Consolidated_IFRS,DETAILS_UNAVAILABLE,2026-03-31,2026-03-31,1128610000000.0,499120000000.0,375353000000.0,335182000000.0,-34552000000.0,,300630000000.0,CFO_PLUS_CFI_PROXY,False,,,412.59353724204686,339966000000.0,1171816000000.0,795726000000.0,0.576,725515776.0,728634777.0,4.0,True,0.26637190880817996,0.44224311321005483,0.6023200833466902,0.24745867214388895,0.1720838826314557,-0.01118036839783454,0.44747963016876846,1.1875780698717135,,2026-04-28,100.84985886628081,,80.7732802747547,2,1.685678219047369,1.7688569378419172,1.4496455754090316,0.043114917652346554,0.04405786863610528,-0.0308032017586283,-0.3101762134390399,,,84.7458672143889,75.81258239471836,,100.0,100.0,50.23200833466902,,85.0,,0.5,INSUFFICIENT,B,75.0,33939.03224799425,False,1.2716275809576232,True,True,True,3,2.3114306215808273,71.43472118166316,19.196798241371702,0.0,,64.77517206384155,32.200309399822196,0.65,UNAVAILABLE,UNAVAILABLE,False,False,False,False,1.7777983136707047,0.23950478261155528,1.2410549379390585,MULTIPLE_DRIVEN,PARTIAL,2026-10-09
2026-10-09,4498,1572.0,6517700,1234.3604228524528,1241.56,1210.6780615234375,164915.0,1572.0,1045.0,,,2026-06-23,2026-06-24,2026-06-23 15:30:00,20260622576363,FYFinancialStatements_Consolidated_JP,DETAILS_UNAVAILABLE,2026-03-31,2026-03-31,8360000000.0,1649000000.0,989000000.0,1553000000.0,-1486000000.0,,67000000.0,CFO_PLUS_CFI_PROXY,False,,,4.133358939594784,5435000000.0,10702000000.0,7442000000.0,0.141,16363604.0,16209577.0,4.0,True,0.008014354066985646,0.1972488038277512,0.04063068526379624,-0.970072283935137,-0.2207727044656297,1.032889782257874,0.12335393711367915,0.15557112824106523,,2026-06-24,380.3202245373135,,25.764868598584428,2,1.3960929129083555,1.9269689130086316,2.358925356210115,-0.660024483522914,-0.48316131969488174,0.16067325984740888,-0.5760781504309169,,,0.0,0.0,,6.411483253588516,89.17464114832536,0.0,,0.0,,0.5,INSUFFICIENT,D,10.0,1179.1825461470341,False,39.521571718764214,True,True,True,3,0.7303108699136835,0.0,100.0,0.0,,100.0,31.70699481613393,0.65,UNAVAILABLE,UNAVAILABLE,False,False,False,False,0.04296815396811149,,,,PARTIAL,2026-10-09
2026-10-09,6532,8748.0,1859100,7933.270590584793,7603.072529296875,6032.970062255859,1108325.0,8890.07421875,3782.322265625,,,2026-07-15,2026-07-16,2026-07-15 15:30:00,20260708589953,1QFinancialStatements_Consolidated_IFRS,DETAILS_UNAVAILABLE,2026-05-31,2027-02-28,158601000000.0,53205000000.0,39557000000.0,37616000000.0,-6508000000.0,,31108000000.0,CFO_PLUS_CFI_PROXY,False,,,205.76042814890232,66382000000.0,143979000000.0,109941000000.0,,149891264.0,151185533.0,4.0,True,0.19613999911728172,0.33546446743715364,0.5846818907997369,0.07410432431883929,0.15216858613085038,-0.01182467819849875,,,,2026-07-16,42.51546363263469,,33.43456386187021,2,1.253931682982287,1.0410662674942,1.1301979791198684,0.02726113662727222,0.027636121158826743,-0.06502564475097924,-0.11519926731886299,,,61.11564864782589,72.82528791962756,,89.03499977932043,100.0,48.46818907997368,,85.0,,0.5,INSUFFICIENT,B,75.0,7673.840060626793,False,1.6773960706471478,True,True,True,3,16.569539413071162,61.58167269529605,0.0,0.0,,87.09584282588591,30.503806088537505,0.65,UNAVAILABLE,UNAVAILABLE,False,False,False,False,0.02856138993168722,0.07410432431883929,-0.04240084818207379,FUNDAMENTAL_DRIVEN,PARTIAL,2026-10-09
2026-10-09,6323,5134.0,9635200,4152.068981409632,3965.26,3635.4590631103515,1469535.0,5134.0,1905.047119140625,,,2026-07-09,2026-07-10,2026-07-09 15:30:00,20260708589778,1QFinancialStatements_Consolidated_JP,DETAILS_UNAVAILABLE,2026-05-31,2027-02-28,132939000000.0,32943000000.0,21995000000.0,31191000000.0,-3300000000.0,,27891000000.0,CFO_PLUS_CFI_PROXY,False,,,160.81831387957013,,201633000000.0,145657000000.0,,173431740.0,173431740.0,4.0,True,0.20980299234987476,0.24780538442443525,0.8466442036244423,-0.0655335918325467,-0.15221113859367785,-0.01663253860711933,,,,2026-07-10,31.92422477358288,,40.48186193043874,2,1.9737206930448528,1.4510776195449668,1.634930674338598,-0.050071165957068335,-0.048838268242934135,0.03729675711318251,-0.3883532704501098,,,33.616602041863324,11.947215351580539,,91.96059846997495,99.56107688488706,73.49831527183316,,85.0,,0.5,INSUFFICIENT,D,10.0,3838.306764408071,False,6.556631859737944,True,True,True,3,5.489223804550331,1.0455585813592807,87.29675711318251,0.0,,100.0,30.114970653636643,0.65,UNAVAILABLE,UNAVAILABLE,False,False,False,False,1.2077343537403538,-0.06691842327038078,1.3660678860237456,MULTIPLE_DRIVEN,PARTIAL,2026-10-09
2026-10-09,4307,5613.0,4937600,5118.249820161006,5020.132392578125,4838.419576416016,2228120.0,6282.7197265625,3496.290771484375,,,2026-04-24,2026-04-25,2026-04-24 15:30:00,20260423509100,FYFinancialStatements_Consolidated_IFRS,DETAILS_UNAVAILABLE,2026-03-31,2026-03-31,814708000000.0,58273000000.0,15257000000.0,147641000000.0,-97047000000.0,,50594000000.0,CFO_PLUS_CFI_PROXY,False,,,88.27298397788114,132620000000.0,959794000000.0,438002000000.0,0.035,574404509.0,573153843.0,4.0,True,0.062100777210976205,0.07152624007619908,0.8682237056612839,-0.3874322425559851,0.13399029156041653,0.00401448825581352,0.06523816933028082,-0.5680505829942109,,2026-04-25,63.586838770585445,,210.86140923897227,2,2.2864308978237333,5.905418046546368,2.075079265798308,0.009385977983763465,0.00943016441120026,-0.02043332692822255,-0.5180906982773557,,,0.0,70.09854373406247,,46.0503886054881,45.76312003809954,75.11677792459629,,70.0,,0.5,INSUFFICIENT,D,10.0,5018.350962853013,False,2.216038633466779,True,True,True,3,0.0,50.658098646720156,29.56667307177745,0.0,,100.0,26.974947319653293,0.65,UNAVAILABLE,UNAVAILABLE,False,False,False,False,-0.008195736891583483,-0.3884316851685655,0.6217391239142038,MULTIPLE_DRIVEN,PARTIAL,2026-10-09
2026-10-09,4258,6270.0,548900,5574.94722828701,4914.9,3640.378072509766,155575.0,6270.0,2653.0,,,2026-05-13,2026-05-14,2026-05-13 16:05:00,20260513528644,1QFinancialStatements_Consolidated_JP,DETAILS_UNAVAILABLE,2026-03-31,2026-12-31,6309000000.0,1116000000.0,779000000.0,1301000000.0,-85000000.0,,1216000000.0,CFO_PLUS_CFI_PROXY,False,,,145.29913100126635,,7197000000.0,2010000000.0,,8210604.0,8368942.0,4.0,True,0.19274052940244096,0.1768901569186876,1.0896057347670252,-0.4296333813191452,0.10629251700680276,0.9837221118490529,,,,2026-05-14,43.1523571875,,67.35977707317073,2,2.0627081720181826,1.3972043313386164,1.7747839425931105,0.11477403636646936,0.12161996361265004,,-0.436551133914974,,,0.0,65.94387755102042,,88.18513235061025,83.06704707560627,91.7204301075269,,0.0,,0.5,INSUFFICIENT,D,10.0,5238.934408516869,False,3.5282018319138677,True,True,True,3,6.027956686613836,100.0,,0.0,,100.0,,0.5,UNAVAILABLE,UNAVAILABLE,False,False,False,False,0.6304317394409344,,,,PARTIAL,2026-10-09
2026-10-09,4417,6650.0,540500,5624.38132082983,4903.69001953125,3481.148602294922,204350.0,6650.0,2219.97314453125,,,2026-04-30,2026-05-01,2026-04-30 16:00:00,20260430515308,FYFinancialStatements_Consolidated_JP,DETAILS_UNAVAILABLE,2026-03-31,2026-03-31,11022000000.0,2238000000.0,1486000000.0,1134000000.0,-151000000.0,,983000000.0,CFO_PLUS_CFI_PROXY,False,,,65.35983347670829,1637000000.0,9959000000.0,4401000000.0,0.398,15051988.0,15039818.0,4.0,True,0.08918526583197242,0.2030484485574306,0.4392314566577301,,,,,,,2026-05-01,101.74444526958293,,67.30470370121131,2,2.049090640048189,1.8034824711348063,1.662875552771676,0.11126236247144934,0.1176881078045866,,-0.3986320874504391,,,,,,59.59263291598621,90.60968971148611,31.897527554364014,,,,0.25,INSUFFICIENT,,,5168.154648413666,False,2.644971862001468,True,True,True,3,1.9651752886519365,100.0,,0.0,,100.0,,0.45,UNAVAILABLE,UNAVAILABLE,False,False,False,False,1.1246022961716693,,,,PARTIAL,2026-10-09
2026-10-09,3040,3085.0,680300,2661.7323251570533,2387.86,2045.2507666015624,209855.0,3085.0,1362.5594482421875,,,2026-05-13,2026-05-14,2026-05-13 11:30:00,20260512526508,1QFinancialStatements_Consolidated_JP,DETAILS_UNAVAILABLE,2026-03-31,2026-12-31,20342000000.0,3159000000.0,2583000000.0,3603000000.0,-10171000000.0,,-6568000000.0,CFO_PLUS_CFI_PROXY,False,,,-354.23449913949275,,25203000000.0,13420000000.0,,18541390.0,18541390.0,4.0,True,-0.3228787729820077,0.1552944646544096,-2.079138968027857,-4.65210271870589,0.7705159705159705,0.00023137382700788578,,,,2026-05-14,,,22.14486571815718,1,,5.671018019006905,,,,,,,,0.0,100.0,,0.0,76.58833939632288,0.0,,70.0,,0.5,INSUFFICIENT,D,10.0,2507.0560704181235,False,3.2417621691167713,True,True,True,3,0.0,,,,,100.0,,0.25,UNAVAILABLE,UNAVAILABLE,False,False,False,False,1.1506854712534555,,-0.43633992351496775,,PARTIAL,2026-10-09
2026-10-09,3968,826.0,2171500,699.7140154894892,643.78,577.2200666809082,516885.0,826.0,478.0760803222656,,,2026-05-13,2026-05-14,2026-05-13 11:30:00,20260512526234,1QFinancialStatements_Consolidated_JP,DETAILS_UNAVAILABLE,2026-03-31,2026-12-31,29470000000.0,3077000000.0,1933000000.0,-2810000000.0,-90000000.0,,-2900000000.0,CFO_PLUS_CFI_PROXY,False,,,-85.17905827619262,,23095000000.0,7400000000.0,,36346977.0,34045927.0,4.0,True,-0.09840515778758059,0.10441126569392603,-0.9424764380890478,-4.598786113040591,-2.601139601139601,0.14853121449250328,,,,2026-05-14,,,14.548337145369892,1,,0.13307509405685763,,,,,,,,0.0,0.0,,0.0,61.32337970817781,0.0,,0.0,,0.5,INSUFFICIENT,D,10.0,655.0490761373587,False,4.201127910463643,True,True,True,3,50.342371708009985,,,,,100.0,,0.25,UNAVAILABLE,UNAVAILABLE,False,False,False,False,0.2890904972470629,,,,PARTIAL,2026-10-09
2026-10-09,6871,17330.0,2251000,14647.65713468225,13728.2,12462.706640625,1262960.0,17650.0,5586.84375,,,2026-05-13,2026-05-14,2026-05-13 15:30:00,20260513528506,1QFinancialStatements_Consolidated_JP,DETAILS_UNAVAILABLE,2026-03-31,2026-12-31,76994000000.0,19332000000.0,14782000000.0,12903000000.0,-21692000000.0,,-8789000000.0,CFO_PLUS_CFI_PROXY,False,,,-226.7296539479646,,113457000000.0,73986000000.0,,38764228.0,38764228.0,4.0,True,-0.11415175208457802,0.25108450009091615,-0.4546348024001655,-2.2057904231360106,-0.14521364690294802,0.0006174447554727625,,,,2026-05-14,,,45.44608789338385,1,,1.218010724423324,,,,,,,,0.0,13.696588274262997,,0.0,100.0,0.0,,70.0,,0.5,INSUFFICIENT,D,10.0,13584.88893675613,False,1.7823208969405206,True,True,True,3,15.63978551153352,,,,,91.29283587762083,,0.25,UNAVAILABLE,UNAVAILABLE,False,False,False,False,1.8971823770324532,,1.449042347766849,,PARTIAL,2026-10-09
2026-10-09,4382,1100.0,1244300,896.2482588210071,794.66,800.025,530695.0,1190.0,692.0,,,2026-06-26,2026-06-27,2026-06-26 15:30:00,20260626581607,FYFinancialStatements_Consolidated_JP,DETAILS_UNAVAILABLE,2026-04-30,2026-04-30,6424000000.0,523000000.0,376000000.0,647000000.0,-21000000.0,,626000000.0,CFO_PLUS_CFI_PROXY,False,,,41.19769735144874,3367000000.0,8499000000.0,5856000000.0,0.079,15206964.0,15195024.0,4.0,True,0.09744707347447074,0.0814134495641345,1.1969407265774379,,1.954337899543379,0.0021414918796494042,0.08348794063079779,0.7091503267973855,,2026-06-27,26.7005214057508,,44.45352765957447,0,,,,,,,,,,,100.0,,63.723536737235364,50.70672478206725,99.77055449330784,,70.0,,0.4,INSUFFICIENT,C,40.0,819.5908588869562,False,2.34466124610181,True,True,True,3,,,,,,100.0,,0.1,UNAVAILABLE,UNAVAILABLE,False,False,False,False,-0.009009009009009028,,,,PARTIAL,2026-10-09
2026-10-09,3994,6827.0,1139200,6144.553587864969,5985.0,4607.1225,504255.0,6827.0,2763.5,,,2026-07-13,2026-07-14,2026-07-13 15:30:00,20260713592274,2QFinancialStatements_Consolidated_JP,DETAILS_UNAVAILABLE,2026-11-30,2026-11-30,,,,8396417000.0,-11206411000.0,,-2809994000.0,CFO_PLUS_CFI_PROXY,False,,,,,,,,,,4.0,True,,,,,,,,,,2026-07-14,,,,0,,,,,,,,,,,,,,,,,,,0.0,INSUFFICIENT,,,5993.5416922961895,False,2.259174425637822,True,True,True,3,,,,,,100.0,,0.05,UNAVAILABLE,UNAVAILABLE,False,False,False,False,0.13783333333333325,,,,PARTIAL,2026-10-09
2026-10-09,5246,1065.0,4621800,877.9237396933679,838.64,693.115,670065.0,1065.0,507.0,,,2026-07-14,2026-07-15,2026-07-14 16:00:00,20260713592617,2QFinancialStatements_Consolidated_JP,DETAILS_UNAVAILABLE,2026-05-31,2026-11-30,5004000000.0,95000000.0,48000000.0,-171591000.0,-1224972000.0,,-1396563000.0,CFO_PLUS_CFI_PROXY,False,,,-51.3849732022804,2332381000.0,6766000000.0,3871000000.0,,27225514.0,27178432.0,4.0,True,-0.2790893285371703,0.018984812150279775,-14.700663157894736,,,,,,,2026-07-15,,,603.0214599999999,0,,,,,,,,,,,,,0.0,13.28936850519584,0.0,,,,0.25,INSUFFICIENT,,,837.9191741547587,False,6.897539790915807,True,True,True,3,,,,,,100.0,,0.05,UNAVAILABLE,UNAVAILABLE,False,False,False,False,0.050295857988165604,,,,PARTIAL,2026-10-09
