trade_date,ticker,state_raw,state_confirmed,state_changed,ignition_event,exhaustion_event,spring_to_prep_event,mex_score,fcf_engine_score,fcf_basis,mlp_c_core,mlp_z,mlp_velocity_20,mlp_acceleration,market_confirm_count,data_quality
2021-08-25,2326,UNAVAILABLE,UNAVAILABLE,True,False,False,False,,,,,,,,0,UNAVAILABLE
2021-08-25,2670,UNAVAILABLE,UNAVAILABLE,True,False,False,False,,,,,,,,0,UNAVAILABLE
2021-08-25,3040,UNAVAILABLE,UNAVAILABLE,True,False,False,False,,,,,,,,0,UNAVAILABLE
2021-08-25,3132,UNAVAILABLE,UNAVAILABLE,True,False,False,False,,,,,,,,0,UNAVAILABLE
2021-08-25,3692,UNAVAILABLE,UNAVAILABLE,True,False,False,False,,,,,,,,0,UNAVAILABLE
2021-08-25,3762,UNAVAILABLE,UNAVAILABLE,True,False,False,False,,,,,,,,0,UNAVAILABLE
2021-08-25,3774,UNAVAILABLE,UNAVAILABLE,True,False,False,False,,,,,,,,0,UNAVAILABLE
2021-08-25,3927,UNAVAILABLE,UNAVAILABLE,True,False,False,False,,,,,,,,0,UNAVAILABLE
2021-08-25,3968,UNAVAILABLE,UNAVAILABLE,True,False,False,False,,,,,,,,0,UNAVAILABLE
2021-12-22,4258,UNAVAILABLE,UNAVAILABLE,True,False,False,False,,,,,,,,0,UNAVAILABLE
2021-08-25,4288,UNAVAILABLE,UNAVAILABLE,True,False,False,False,,,,,,,,0,UNAVAILABLE
2021-08-25,4307,UNAVAILABLE,UNAVAILABLE,True,False,False,False,,,,,,,,0,UNAVAILABLE
2021-08-25,4382,UNAVAILABLE,UNAVAILABLE,True,False,False,False,,,,,,,,0,UNAVAILABLE
2021-08-25,4398,UNAVAILABLE,UNAVAILABLE,True,False,False,False,,,,,,,,0,UNAVAILABLE
2021-12-20,4417,UNAVAILABLE,UNAVAILABLE,True,False,False,False,,,,,,,,0,UNAVAILABLE
2021-08-25,4475,UNAVAILABLE,UNAVAILABLE,True,False,False,False,,,,,,,,0,UNAVAILABLE
2021-08-25,4612,UNAVAILABLE,UNAVAILABLE,True,False,False,False,,,,,,,,0,UNAVAILABLE
2021-08-25,4704,UNAVAILABLE,UNAVAILABLE,True,False,False,False,,,,,,,,0,UNAVAILABLE
2021-08-25,4768,UNAVAILABLE,UNAVAILABLE,True,False,False,False,,,,,,,,0,UNAVAILABLE
2022-11-01,5133,UNAVAILABLE,UNAVAILABLE,True,False,False,False,,,,,,,,0,UNAVAILABLE
2022-12-27,5246,UNAVAILABLE,UNAVAILABLE,True,False,False,False,,,,,,,,0,UNAVAILABLE
2023-12-15,5599,UNAVAILABLE,UNAVAILABLE,True,False,False,False,,,,,,,,0,UNAVAILABLE
2021-08-25,6638,UNAVAILABLE,UNAVAILABLE,True,False,False,False,,,,,,,,0,UNAVAILABLE
2021-08-25,6807,UNAVAILABLE,UNAVAILABLE,True,False,False,False,,,,,,,,0,UNAVAILABLE
2021-08-25,6857,UNAVAILABLE,UNAVAILABLE,True,False,False,False,,,,,,,,0,UNAVAILABLE
2021-08-25,6871,UNAVAILABLE,UNAVAILABLE,True,False,False,False,,,,,,,,0,UNAVAILABLE
2021-08-25,6890,UNAVAILABLE,UNAVAILABLE,True,False,False,False,,,,,,,,0,UNAVAILABLE
2021-08-25,7701,UNAVAILABLE,UNAVAILABLE,True,False,False,False,,,,,,,,0,UNAVAILABLE
2021-08-25,8766,UNAVAILABLE,UNAVAILABLE,True,False,False,False,,,,,,,,0,UNAVAILABLE
2021-08-25,9889,UNAVAILABLE,UNAVAILABLE,True,False,False,False,,,,,,,,0,UNAVAILABLE
